T,1-point_corr,F,corrs,rhos
3000,-0.9999999999999998,-1.944530925016306e-07,[ 1. -1.  1.  1. -1.  1.],[ 1.  0. -0.]
3000,-0.7499999999999998,-0.3849877895576855,[ 1.   -0.75  0.61  0.55 -0.46  0.39],[0.78 0.1  0.03]
3000,-0.4999999999999999,-0.5764504821034309,[ 1.   -0.5   0.26  0.2  -0.04 -0.01],[0.56 0.19 0.06]
3000,-0.25,-0.6794988957537582,[ 1.   -0.25  0.09  0.13  0.03  0.04],[0.4  0.23 0.15]
3000,0.0,-0.7086159426800565,[ 1.    0.    0.1   0.14 -0.04  0.01],[0.27 0.23 0.27]
3000,0.25,-0.6770402798957394,[ 1.    0.25  0.13  0.11 -0.05 -0.08],[0.16 0.22 0.41]
3000,0.4999999999999998,-0.5754485138155803,[1.   0.5  0.3  0.22 0.09 0.04],[0.08 0.17 0.58]
3000,0.7499999999999998,-0.382783425831491,[1.   0.75 0.56 0.59 0.38 0.23],[0.02 0.11 0.77]
3000,0.9999999999999998,-1.8824710469239497e-07,[1. 1. 1. 1. 1. 1.],[-0.  0.  1.]
