T,1-point_corr,F,corrs,rhos
3000,-1.0,-3.2352332791783286e-07,[ 1. -1.  1.  1. -1.  1.],[ 1.  0. -0.]
3000,-0.75,-0.3811863922322367,[ 1.   -0.75  0.59  0.62 -0.44  0.32],[0.77 0.1  0.02]
3000,-0.5,-0.5735843103077232,[ 1.   -0.5   0.3   0.33 -0.12  0.05],[0.58 0.17 0.08]
3000,-0.25,-0.6696525660528242,[ 1.   -0.25  0.19  0.21  0.02  0.03],[0.42 0.2  0.17]
3000,0.0,-0.7133012322509733,[ 1.    0.    0.07  0.05  0.01 -0.08],[0.27 0.23 0.27]
3000,0.25,-0.6774390013935789,[ 1.    0.25  0.03 -0.   -0.08  0.04],[0.13 0.24 0.38]
3000,0.5,-0.5671800146582162,[1.   0.5  0.33 0.41 0.2  0.18],[0.08 0.17 0.58]
3000,0.75,-0.38239761601009387,[1.   0.75 0.57 0.61 0.41 0.27],[0.02 0.11 0.77]
3000,1.0,-1.4199934944674447e-06,[1. 1. 1. 1. 1. 1.],[-0.  0.  1.]
